st2,GEOID,lake,lat,lon
IA,19163,Le Claire Canal at Scott county ,41.5809495786623,-90.380827751148
IA,19097,Lock No. 12 at Jackson county ,42.260440671352,-90.4225074614531
IA,19111,Lock No. 19 at Lee county ,40.3943963167559,-91.3754502424075
IA,19033,Briarstone Lake at Cerro Gordo county ,43.1454114384485,-93.2359214036068
IA,19155,Carter Lake at Pottawattamie county ,41.2978508258038,-95.9162358954724
IA,19005,Founders Pond at Allamakee county ,43.0844857676889,-91.1958158615543
IA,19005,Bluegill Pond at Allamakee county ,43.0882905339582,-91.1835324787308
IA,19113,Ink Pond at Linn county ,41.9235491126132,-91.4251368565884
IA,19155,Lake Manawa at Pottawattamie county ,41.2061650449231,-95.858502219147
IA,19015,Katina Pond at Boone county ,41.9817963919495,-93.8932246169753
IA,19187,Badger Lake at Webster county ,42.5865845383809,-94.1888188330806
IA,19153,Deer Pond at Polk county ,41.6903798872726,-93.6354952086371
IA,19147,Rush Lake at Palo Alto county ,42.9463339597151,-94.8716550442233
IA,19015,Lost Lake at Boone county ,41.9797511785258,-93.894646713957
IA,19153,Brenton Slough at Polk county ,41.7260394267726,-93.8035185480527
IA,19151,Lizard Lake at Pocahontas county ,42.6723245111551,-94.4940580624528
IA,19153,Birdland Lagoon at Polk county ,41.6131561421481,-93.6142210720113
IA,19153,Lake Future at Polk county ,41.7046665625209,-93.6071922981112
IA,19153,Snyder Pond at Polk county ,41.7020113972139,-93.6043417640019
IA,19153,Lake Ceres at Polk county ,41.6703542227109,-93.7136980983502
IA,19033,Zirbel Slough at Cerro Gordo county ,43.0498901046782,-93.3466406010776
IA,19167,Winterfeld Pond at Sioux county ,43.2121531155146,-96.2915246404065
IA,19149,Walmart's Pond at Plymouth county ,42.7827570719174,-96.1892876846631
IA,19167,The Swimming Hole at Sioux county ,43.2122649657677,-96.3085926717812
IA,19169,Ada Hayden Lake at Story county ,42.0669496977715,-93.6271528484824
IA,19153,Woodland Lake at Polk county ,41.7601236986738,-93.4517190337976
IA,19167,Cabin Cove Pond at Sioux county ,43.2130729952572,-96.3131052623708
IA,19169,Peterson Lake at Story county ,42.0845032706521,-93.5959989629126
IA,19153,Lake Petocka at Polk county ,41.7066557758853,-93.4420490799587
IA,19169,Wilson Pond at Story county ,42.0192648304298,-93.4655086957449
IA,19169,Dakins Lake at Story county ,42.1711127960048,-93.2945466143511
IA,19153,Copper Creek Lake at Polk county ,41.604498467914,-93.528985406674
IA,19045,Crystal Lake at Clinton county ,41.8155558622032,-90.5794502514484
IA,19061,Maus Park Lake at Dubuque county ,42.4836472998362,-90.659883623591
IA,19097,Jackson Lake at Jackson county ,42.1969259215603,-90.3464375551571
IA,19097,Snider Lake at Jackson county ,42.1821921446663,-90.3022720437461
IA,19097,Western Pond at Jackson county ,42.1923821240329,-90.35956809125
IA,19097,Flat Lake at Jackson county ,42.1906729814454,-90.3456472395351
IA,19097,Goose Lake at Jackson county ,42.1916412110219,-90.3338197077789
IA,19097,Bonnie Lake at Jackson county ,42.1947406892678,-90.3669315280732
IA,19097,Fish Lake at Jackson county ,42.1722179284262,-90.3011604755431
IA,19097,Upper Sabula Lake at Jackson county ,42.0726861665998,-90.1834190415779
IA,19097,Upper Brown Lake at Jackson county ,42.1533845751114,-90.2559351191183
IA,19097,Big Keller Lake at Jackson county ,42.1216595890082,-90.1800553143285
IA,19097,Middle Sabula Lake at Jackson county ,42.0657159740799,-90.1806661182402
IA,19097,Twin Lakes at Jackson county ,42.1879304539522,-90.3227583537432
IA,19097,Upper Y Lake at Jackson county ,42.1188225689566,-90.1750203536256
IA,19097,Little Keller Lake at Jackson county ,42.121114036163,-90.1848869665182
IA,19097,Lower Y Lake at Jackson county ,42.1141544383601,-90.1730878506496
IA,19097,Little Sawmill Lake at Jackson county ,42.1726747060988,-90.2826640072571
IA,19055,Tegeler Pond at Delaware county ,42.4816171661274,-91.1410926739798
IA,19105,Central Park Lake at Jones county ,42.1117562605761,-91.1393221595752
IA,19167,Pool at Sioux county ,43.2013943749271,-96.3004139933954
IA,19167,Kiddie Pool at Sioux county ,43.2016985469564,-96.300279554134
IA,19163,Lock No. 14 at Scott county ,41.5742811497066,-90.4008605101661
IA,19163,Old Le Clarie Lock at Scott county ,41.5743981238902,-90.4050294065829
IA,19139,Spring Lake at Muscatine county ,41.3364544800214,-91.0783460631477
IA,19163,Buffalo Lake at Scott county ,41.4556825245867,-90.7378435648861
IA,19163,Lake Canyada at Scott county ,41.5145827768337,-90.6843789846936
IA,19163,Lake of the Hills at Scott county ,41.5214583563267,-90.6780981508611
IA,19163,Quarry Pond at Scott county ,41.570525376337,-90.475909072221
IA,19163,Lambach Lake at Scott county ,41.5269334486643,-90.6760692658474
IA,19163,Timber Lake at Scott county ,41.4819942683151,-90.7638776858655
IA,19115,Beattys Pond at Louisa county ,41.3287485144596,-91.0793545183383
IA,19045,Willow Lake at Clinton county ,41.7885882499315,-90.2900780011489
IA,19163,Blue Grass Lake at Scott county ,41.5269509057898,-90.6904653809322
IA,19163,Leaf Lake at Scott county ,41.4837428454121,-90.7108057769903
IA,19139,Arrowhead Lake at Muscatine county ,41.5127588994512,-90.8380384287117
IA,19115,Little Fox Pond at Louisa county ,41.2114491472213,-91.0999036844777
IA,19115,Fox Pond at Louisa county ,41.2136375449365,-91.0978144125461
IA,19115,Klum Lake at Louisa county ,41.2651074968963,-91.1415850745864
IA,19139,Keokuk Lake at Muscatine county ,41.375641095041,-91.1495024200409
IA,19163,Carp Lake at Scott county ,41.4827409744486,-90.6403915679956
IA,19163,Railroad Lake at Scott county ,41.5258008391843,-90.6845956053001
IA,19169,Hendrickson Marsh Lake at Story county ,41.936755641954,-93.2390134067176
IA,19079,Little Wall Lake at Hamilton county ,42.2693458425344,-93.6373507353804
IA,19123,Lake Keomah at Mahaska county ,41.2920529033212,-92.5400256409905
IA,19099,Clarks Lake at Jasper county ,41.676636186815,-93.3469188585695
IA,19169,Arnold Lake at Story county ,42.0604410439564,-93.6031467174139
IA,19169,Twin Anchors Lake at Story county ,42.005358655157,-93.3427236819809
IA,19169,Hickory Grove Lake at Story county ,41.9882193495107,-93.3570610878382
IA,19169,McFarland Lake at Story county ,42.0943468279559,-93.5699783049473
IA,19079,Anderson Goose Lake at Hamilton county ,42.3145479989308,-93.6254594676512
IA,19007,Rathbun Lake at Appanoose county ,40.859519530893,-92.9779312255437
IA,19179,Lake Arrowhead at Wapello county ,40.9739187415918,-92.337500078188
IA,19051,Lake Wapello at Davis county ,40.8153428649406,-92.5823721290211
IA,19135,Maxon Reservoir at Monroe county ,41.0335238866449,-92.7822880475598
IA,19125,The Island at Marion county ,41.4013614403808,-92.9192509266758
IA,19111,Shagbark Lake at Lee county ,40.6456192152199,-91.6660934998078
IA,19135,Lake Miami at Monroe county ,41.1152965638681,-92.8453916828385
IA,19179,North Pond at Wapello county ,40.9124160730292,-92.3979860250465
IA,19177,Indian Lake at Van Buren county ,40.6293421657438,-91.7526381902888
IA,19045,Goose Lake at Clinton county ,41.9678885611855,-90.4022027891861
IA,19163,Cody Lake at Scott county ,41.711593713732,-90.5316713215556
IA,19105,West Goose Lake at Jones county ,41.9842631709049,-90.9829359903954
IA,19105,East Goose Lake at Jones county ,41.9739906689658,-90.9374594795357
IA,19045,Hagenson Pond at Clinton county ,41.7434831662501,-90.3571477273565
IA,19031,Bullhead Lake at Cedar county ,41.9367763153808,-90.9227129040952
IA,19181,Lake George at Warren county ,41.2916975596198,-93.7136022220246
IA,19153,Avon Lake at Polk county ,41.5221345726839,-93.4943475786995
IA,19153,Case Lake at Polk county ,41.5624529132604,-93.5601551505455
IA,19121,Cedar Lake at Madison county ,41.369886957589,-94.0003168003825
IA,19153,Duck Pond at Polk county ,41.5324868407605,-93.6457514052169
IA,19001,Meadow Lake at Adair county ,41.384789993049,-94.4388510841619
IA,19153,Dean Lake at Polk county ,41.588198384102,-93.5772848685003
IA,19117,Lake Ellis at Lucas county ,41.0084897393518,-93.2625952007454
IA,19153,Easter Lake at Polk county ,41.5426545476433,-93.5603017441335
IA,19117,Red Haw Lake at Lucas county ,40.9975018711011,-93.2729274128729
IA,19117,Lake Morris at Lucas county ,41.0101904948775,-93.2470973446485
IA,19125,Marion County Park Lake at Marion county ,41.3145318576156,-93.126595047442
IA,19181,Browns Lake at Warren county ,41.4616142528053,-93.348602376418
IA,19117,Stephens Forest Pond at Lucas county ,41.0188151538836,-93.4904135694994
IA,19181,Finger Pond at Warren county ,41.5020854476336,-93.6775871975776
IA,19153,Randleman Lake at Polk county ,41.5303220550692,-93.4646578671333
IA,19039,East Lake at Clarke county ,41.033828967995,-93.7429901230579
IA,19039,West Lake at Clarke county ,41.0347764758012,-93.8144112517822
IA,19039,Q Pond at Clarke county ,41.0422759967246,-93.7800621684377
IA,19073,Dunbar Slough at Greene county ,41.9873551370262,-94.6057529296179
IA,19077,Diamondhead Lake at Guthrie county ,41.5518542188425,-94.2585339925784
IA,19021,Pleasant Lake at Buena Vista county ,42.568842500598,-95.0085302780431
IA,19073,Spring Lake at Greene county ,42.0626121820886,-94.2891051462457
IA,19153,Hickory Hills Lake at Polk county ,41.6062646397671,-93.7814631764273
IA,19151,Sunken Island Lake at Pocahontas county ,42.6327999026465,-94.9006405007353
IA,19073,Goose Lake at Greene county ,42.1132523777328,-94.4023744482666
IA,19049,Overlook Pond at Dallas county ,41.6624322628549,-93.9874550527479
IA,19025,South Twin Lake at Calhoun county ,42.4608603788211,-94.6508420435911
IA,19073,Finn Pond at Greene county ,42.0330572752349,-94.4190256668163
IA,19153,Walker Johnston Fishing Pond at Polk county ,41.6261227005262,-93.7412479290418
IA,19049,Sugar Creek Lake at Dallas county ,41.5551427644863,-93.8540429350329
IA,19153,Gray's Lake at Polk county ,41.5704474775097,-93.6385249698527
IA,19153,MacRae Park Pond at Polk county ,41.5689242739146,-93.6235096338727
IA,19153,Blue Heron Lake at Polk county ,41.54815737743,-93.7295426179675
IA,19161,Arrowhead Lake at Sac county ,42.296241958464,-95.0512809508179
IA,19151,Clear Lake at Pocahontas county ,42.732573515396,-94.9001404547082
IA,19153,Greenwood Park Lagoon at Polk county ,41.5796134265078,-93.6814666990808
IA,19027,Artesian Lake at Carroll county ,42.1501572081064,-94.6802319765517
IA,19049,Dale Maffitt Reservoir at Dallas county ,41.5134310256716,-93.7927761000763
IA,19021,Little Storm Lake at Buena Vista county ,42.6420432727964,-95.2373668272998
IA,19021,Storm Lake at Buena Vista county ,42.6261344985853,-95.2065117269079
IA,19025,North Twin Lake at Calhoun county ,42.4853641093592,-94.6299116234419
IA,19153,Lake Halice at Polk county ,41.6191693210252,-93.7380826694259
IA,19197,Elm Lake at Wright county ,42.7639333294803,-93.6786555518702
IA,19081,West Twin Lake at Hancock county ,42.9369314026505,-93.7331554543142
IA,19079,Briggs Woods Lake at Hamilton county ,42.4345802242552,-93.7937820502369
IA,19197,Big Wall Lake at Wright county ,42.6234024918539,-93.6519861899673
IA,19109,Oak Lake at Kossuth county ,43.124358885399,-94.1718704072667
IA,19109,Lake Smith at Kossuth county ,43.123832753184,-94.2411587133594
IA,19063,Swan Lake at Emmet county ,43.3576756126653,-94.6704435818097
IA,19063,West Slough at Emmet county ,43.3268056792139,-94.6952790288876
IA,19147,Silver Lake at Palo Alto county ,43.0326343961994,-94.8870471221947
IA,19059,Swan Lake at Dickinson county ,43.4594219632511,-94.9479155116391
IA,19063,North Slough at Emmet county ,43.3330622776154,-94.6956528792987
IA,19063,Fourmile Lake at Emmet county ,43.3938611650444,-94.9067624772179
IA,19063,Cheever Lake at Emmet county ,43.3728350132637,-94.883697113219
IA,19063,Bur Oak Lake at Emmet county ,43.2886967116501,-94.7475855376326
IA,19063,Ingham Lake at Emmet county ,43.3186140172369,-94.6950161870681
IA,19063,Cunningham Slough at Emmet county ,43.3057816723948,-94.6915875349747
IA,19063,Eagle Lake at Emmet county ,43.4881102385151,-94.8284028910139
IA,19153,Lakeview Pond at Polk county ,41.6376105026836,-93.7276948233891
IA,19153,Clive Lake at Polk county ,41.6066315224254,-93.8069558482221
IA,19109,Goose Lake at Kossuth county ,43.4838849786271,-94.4095522812534
IA,19109,Smith Pool at Kossuth county ,43.2527778952953,-94.1392675948999
IA,19109,Ruddy Pool at Kossuth county ,43.3025035575634,-94.1171601245075
IA,19109,Pierce Pool at Kossuth county ,43.3119665785359,-94.1206712395053
IA,19109,Dismal Swamp at Kossuth county ,43.297475511032,-94.1147709092628
IA,19113,Cedar Lake at Linn county ,41.991296229382,-91.668348136037
IA,19113,Prairie Park Fishery at Linn county ,41.9489603878702,-91.631291893096
IA,19113,Williams Lake at Linn county ,42.1350878426809,-91.7756270223848
IA,19167,Rock 'N Reel Pond at Sioux county ,43.210742059988,-96.3127358896629
IA,19049,Lake Homestead at Dallas county ,41.661338755457,-93.9880650235454
IA,19153,Discovery Pond at Polk county ,41.7856755197053,-93.7918204359244
IA,19095,Lilly Pond at Iowa county ,41.7991238559714,-91.8871762347825
IA,19153,Big Creek Lake at Polk county ,41.8158551310084,-93.7449030701206
IA,19061,Heritage Pond at Dubuque county ,42.5529518227016,-90.706268130144
IA,19167,Lake Calliope at Sioux county ,42.9917855233584,-96.5025722487833
IA,19153,City Campus Pond at Polk county ,41.565303570622,-93.758173162664
IA,19137,Viking Lake at Montgomery county ,40.9739811630713,-95.035267269521
IA,19153,Wells Fargo Financial Reflecting Pool at Polk county ,41.6028678989041,-93.6562521375722
IA,19103,Liberty Centre Pond at Johnson county ,41.7499513366383,-91.6107838879975
IA,19153,Fisher Lake at Polk county ,41.6827060291765,-93.6579562945522
IA,19173,Bedford Water Supply Lake at Taylor county ,40.684542942673,-94.7148398456173
IA,19173,Lake of the Three Fires at Taylor county ,40.7136548664695,-94.690428440295
IA,19173,Windmill Lake at Taylor county ,40.7294070917772,-94.8262655780051
IA,19059,Minnewashta Lake at Dickinson county ,43.3608950595156,-95.1256409062293
IA,19059,East Okoboji Lake at Dickinson county ,43.401107433353,-95.0978004096638
IA,19003,East Lake at Adams county ,40.8995724887033,-94.5496853271758
IA,19173,Waterworks Lake at Taylor county ,40.8962606015795,-94.5549683948629
IA,19173,Maharry Lake at Taylor county ,40.8939619796697,-94.553637970978
IA,19021,Pickerel Lake at Buena Vista county ,42.9067085594394,-94.9222815178857
IA,19175,Summit Lake at Union county ,41.0713481609299,-94.3932848438836
IA,19175,Lake McKinley at Union county ,41.0532812071059,-94.3852655048929
IA,19157,Lake Nyanza at Poweshiek county ,41.7334129860287,-92.7205704637253
IA,19157,East Gate Estates Lake at Poweshiek county ,41.7275981647741,-92.713641263368
IA,19157,Lake Arbor at Poweshiek county ,41.732902306198,-92.7326389377059
IA,19099,Rock Creek Lake at Jasper county ,41.7470228744697,-92.8477499793312
IA,19041,Stolley Gravel Pit at Clay county ,43.152888403856,-95.1897236613906
IA,19181,Lake Ahquabi at Warren county ,41.2899049888095,-93.5925593184352
IA,19059,Silver Lake at Dickinson county ,43.4432862820038,-95.3425208195694
IA,19037,Lake Nashua at Chickasaw county ,42.9635329807663,-92.5444929391772
IA,19033,Zirble Pond at Cerro Gordo county ,43.1385102945102,-93.2234495443164
IA,19033,Pierce Pond at Cerro Gordo county ,43.1404058003211,-93.2238964676657
IA,19033,Big Blue Pond at Cerro Gordo county ,43.1403028360614,-93.2200398346933
IA,19033,Spring Lake at Cerro Gordo county ,43.1446912015443,-93.2308835941129
IA,19033,Quarry Lake at Cerro Gordo county ,43.1892879248189,-93.2038367490947
IA,19033,Lake Cona Toma at Cerro Gordo county ,43.1546387587921,-93.2280068882709
IA,19033,Sunset Lake at Cerro Gordo county ,43.1547766936524,-93.2312630019512
IA,19033,Meadow Lake at Cerro Gordo county ,43.1207088089922,-93.1779048577857
IA,19071,Liebold Lake at Fremont county ,40.6988663376551,-95.8208123172345
IA,19127,Wolf Lake at Marshall county ,41.9929342607138,-92.8863457563184
IA,19161,Black Hawk Lake at Sac county ,42.2995153705217,-95.0218842572499
IA,19015,Lake Fisher at Boone county ,41.9508438280657,-93.9057697994837
IA,19197,Morris Lake at Wright county ,42.8392494128616,-93.6938194811802
IA,19197,Lake Cornelia at Wright county ,42.7868326342248,-93.689279136921
IA,19187,Brushy Creek at Webster county ,42.4034217505664,-93.9881658498794
IA,19043,Three Sisters Lake at Clayton county ,42.8539030834721,-91.3950335558432
IA,19153,Hickory Lake at Polk county ,41.7067863523469,-93.5567759220323
IA,19005,Buffalo Pond at Allamakee county ,43.0869947269148,-91.1850045795662
IA,19053,Slip Bluff Lake at Decatur county ,40.6528106390629,-93.8516213398548
IA,19109,Darling Pool at Kossuth county ,43.268781484337,-94.1174416450706
IA,19109,Lowe Pool at Kossuth county ,43.2381332971034,-94.1560984309172
IA,19061,Bergfeld Pond at Dubuque county ,42.487814779311,-90.7761517162533
IA,19113,Lakeview Lake at Linn county ,41.9394420249819,-91.76146454165
IA,19185,Seymour City Reservoir at Wayne county ,40.6694473401535,-93.1231057926225
IA,19153,Jackson Basin at Polk county ,41.5731557713594,-93.5990788490607
IA,19087,Lake Geode at Henry county ,40.8196537296717,-91.3881861089862
IA,19041,Round Lake at Clay county ,43.1717740824913,-94.9609214312641
IA,19041,Trumbull Lake at Clay county ,43.1931854983975,-94.9501862636742
IA,19041,Mud Lake at Clay county ,43.188522199124,-94.9155155796606
IA,19113,Quarry at Linn county ,41.9218772161703,-91.7775904581113
IA,19169,Johnson Pond at Story county ,42.0466722812196,-93.6479585402417
IA,19169,Lake Helen at Story county ,42.0103797004886,-93.6383447966342
IA,19113,Ray's Pond at Linn county ,41.9743836570663,-91.6079883529873
IA,19155,Lake Rose at Pottawattamie county ,41.2289459059755,-95.7534232253299
IA,19113,Cooks Pond at Linn county ,42.0069013450619,-91.5851622482433
IA,19155,Big Lake at Pottawattamie county ,41.2943719536696,-95.8616625126573
IA,19103,Fox Run Pond at Johnson county ,41.766259519188,-91.6089134993437
IA,19015,Eagle Pond at Boone county ,41.9497291334803,-93.9126964741686
IA,19185,Corydon Lake at Wayne county ,40.7537464801755,-93.3350858755623
IA,19051,Lake Fisher at Davis county ,40.7560393858915,-92.4421205794194
IA,19113,Big Lewis Lake at Linn county ,42.1362918374595,-91.7961066364642
IA,19147,Lost Island Lake at Palo Alto county ,43.1711649855008,-94.9060548220059
IA,19171,Cherry Lake at Tama county ,41.9614100118442,-92.5852282482295
IA,19013,North Prairie Lake at Black Hawk county ,42.4823723283391,-92.4621389082666
IA,19013,Prairie Lake at Black Hawk county ,42.4777013872687,-92.4611015569293
IA,19013,Mullen's Pond at Black Hawk county ,42.5299681821294,-92.4372446190197
IA,19053,Founders Lake at Decatur county ,40.6186888077263,-93.9300800044542
IA,19053,Home Lake at Decatur county ,40.630107213987,-93.9478770294671
IA,19053,Big G Lake at Decatur county ,40.6140193822452,-93.9215038142033
IA,19013,Big Woods Lake at Black Hawk county ,42.5523225257548,-92.4347672776859
IA,19013,George Wyth Lake at Black Hawk county ,42.5339711713445,-92.3964895870389
IA,19013,Alice Wyth Lake at Black Hawk county ,42.5294427549694,-92.4235853597094
IA,19007,Lower City Reservoir at Appanoose county ,40.7144433334405,-92.8832569669405
IA,19011,Hannen Lake at Benton county ,41.867059223349,-92.1139551982649
IA,19113,Goose Pond at Linn county ,42.1461541390131,-91.8072424965251
IA,19013,Hanson Lake at Black Hawk county ,42.4557079400401,-92.2981209397423
IA,19013,Brinker Lake at Black Hawk county ,42.5241060959527,-92.3821886559718
IA,19013,Greenbelt Lake at Black Hawk county ,42.4790652437128,-92.389000678572
IA,19013,Lake Manatt at Black Hawk county ,42.5250872411888,-92.4049882396456
IA,19013,Lost Lake at Black Hawk county ,42.5295459660742,-92.4083528807988
IA,19013,Fisher Lake at Black Hawk county ,42.5350709814814,-92.4128419932412
IA,19013,Bullfrog Boyou at Black Hawk county ,42.5214503290105,-92.3991185909398
IA,19169,Ioway Creek at Story county ,42.039625663568,-93.6443414445741
IA,19013,Harold Getty lake at Black Hawk county ,42.4764426204796,-92.3114957065747
IA,19103,Windsor Ridge Pond at Johnson county ,41.6567575901405,-91.4683638743014
IA,19103,Lake Calvin at Johnson county ,41.6243963725024,-91.496683603808
IA,19077,Bays Branch Lake at Guthrie county ,41.7283940871228,-94.3223896756441
IA,19011,Winegar Lake at Benton county ,42.2929921053271,-92.0429624693032
IA,19059,Trappers Bay at Dickinson county ,43.4546152453737,-95.3323467575451
IA,19171,No Fish Pond at Tama county ,41.9716669845854,-92.6154044531156
IA,19157,Holiday Lake at Poweshiek county ,41.8172584658117,-92.4473309512059
IA,19041,Scharnberg Pond at Clay county ,43.152759182487,-95.2920539898618
IA,19171,Otter Creek Lake at Tama county ,42.0457878157022,-92.5200397214107
IA,19127,Green Castle Lake at Marshall county ,41.9286931076873,-92.8605393417606
IA,19127,Trumpeter Swan Pen at Marshall county ,41.9249363816193,-92.8610827377382
IA,19057,Lake Starker at Des Moines county ,40.7757947365162,-91.1012374351638
IA,19075,Grundy County Lake at Grundy county ,42.459865048699,-92.6376524318693
IA,19081,Crystal Lake at Hancock county ,43.2302229679738,-93.7932485451324
IA,19195,Rice Lake at Worth county ,43.3899292283457,-93.4973959887223
IA,19191,Lake Meyer at Winneshiek county ,43.1746990460467,-91.9089495743148
IA,19065,Quarry Lake at Fayette county ,42.9932112792332,-91.6602283054698
IA,19005,New Albin Big Lake at Allamakee county ,43.4787389870099,-91.2342909789345
IA,19065,Volga Lake at Fayette county ,42.8995401262376,-91.7734836417039
IA,19183,Crawford Pond at Washington county ,41.3348778006264,-91.5446360971147
IA,19089,Lake Hendricks at Howard county ,43.373510781313,-92.5460680159764
IA,19029,Lake Anita at Cass county ,41.4264489050932,-94.7776923327566
IA,19183,Lake Darling at Washington county ,41.1942865129794,-91.8954553226309
IA,19053,Nine Eagles Lake at Decatur county ,40.5984980460914,-93.7693841321175
IA,19081,Dead Mans Lake at Hancock county ,43.2492598384111,-93.5657408114552
IA,19081,Pilot Knob Lake at Hancock county ,43.2515290170954,-93.5615169807235
IA,19083,Upper Pine Lake at Hardin county ,42.3778645166919,-93.0622056206252
IA,19083,Pine Lake at Hardin county ,42.3687796752639,-93.0737256518874
IA,19083,Swan Pond at Hardin county ,42.3781857126955,-93.0687743992255
IA,19165,Prairie Rose Lake at Shelby county ,41.6035601840387,-95.2176065125327
IA,19171,Union Grove Lake at Tama county ,42.1287730029249,-92.7246843914398
IA,19103,Sand Lake at Johnson county ,41.6228538165419,-91.5291674882564
IA,19033,Clark Lake at Cerro Gordo county ,43.1032680150097,-93.186114466697
IA,19019,Koutny Pond at Buchanan county ,42.3034003512979,-91.9645490085388
IA,19019,Fontana Lake at Buchanan county ,42.6100481137161,-91.9098505531659
IA,19033,Nora Springs Lake at Cerro Gordo county ,43.1502677166843,-93.0244177318444
IA,19037,Airport Lake at Chickasaw county ,43.0872248632381,-92.3464959265186
IA,19081,East Twin Lake at Hancock county ,42.9361773656793,-93.7126390253492
IA,19043,Lake John Deere at Clayton county ,42.6610921614092,-91.2511356797008
IA,19129,Boehner Pond at Mills county ,41.0045577755644,-95.5915557078121
IA,19065,Oelwein Lake at Fayette county ,42.652302715032,-91.9188660633707
IA,19119,Lake Pahoja at Lyon county ,43.3827737351345,-96.464549084876
IA,19139,Discovery Pond at Muscatine county ,41.4348735404262,-91.0847023012498
IA,19001,Mormon Trail Lake at Adair county ,41.2420181204099,-94.6339843991449
IA,19153,Terra Lake at Polk county ,41.6612695052912,-93.7069606987375
IA,19171,Casey Lake at Tama county ,42.265613552845,-92.3140315222439
IA,19027,Swan Lake at Carroll county ,42.0381417095206,-94.8440290881043
IA,19177,Chequest Creek at Van Buren county ,40.7493807489661,-91.9970176509928
IA,19147,Five Island Lake at Palo Alto county ,43.148342917095,-94.6579673890515
IA,19085,Pleasant View Park at Harrison county ,41.8518764938728,-95.5888942348502
IA,19175,Lake Afton at Union county ,41.0362434137127,-94.2095517554537
IA,19101,Walton Lake at Jefferson county ,41.0144138919438,-91.9339350149289
IA,19153,Maytag Reflecting Pool at Polk county ,41.5838065695808,-93.6815295446467
IA,19059,Upper Gar Lake at Dickinson county ,43.3677573213678,-95.1215604716227
IA,19081,Eldred Sherwood Park Lake at Hancock county ,42.941008809741,-93.5630958463815
IA,19081,Eagle Lake at Hancock county ,43.1269563651406,-93.734095898209
IA,19013,Deerwood Lake at Black Hawk county ,42.4595189698817,-92.3047565305256
IA,19153,Pond for Growth at Polk county ,41.5932841000659,-93.6173663366968
IA,19153,Pond for Prosperity at Polk county ,41.5932685124396,-93.6172670016564
IA,19107,Lake Yenruogis at Keokuk county ,41.378681615533,-92.2001667836397
IA,19101,Horse Shoe Lake at Jefferson county ,41.0575950569788,-91.7288157408772
IA,19101,Spring Pond at Jefferson county ,41.0626878557311,-91.7249934246514
IA,19101,Reservoir Number Two at Jefferson county ,41.0274158404807,-91.9489548753038
IA,19101,Timber Lake at Jefferson county ,40.9904410443758,-91.9563276976145
IA,19069,Beeds Lake at Franklin county ,42.7701762512435,-93.2433606415159
IA,19083,Gehrkes Lake at Hardin county ,42.4056340422225,-93.3168211781417
IA,19115,Big Pond at Louisa county ,41.2411014704641,-91.3176049779901
IA,19095,Lake Iowa at Iowa county ,41.637818159932,-92.1742347587023
IA,19099,Lake Pla-Mor at Jasper county ,41.6759434768887,-92.8379360220541
IA,19089,Lylah's Marsh at Howard county ,43.2877513140832,-92.4695189454178
IA,19089,Vernon Springs Mill Pond at Howard county ,43.3450797841322,-92.1431784386323
IA,19103,Kent Park Lake at Johnson county ,41.7259102564379,-91.7305593430036
IA,19103,Conservation Education Center Pond at Johnson county ,41.7366206779581,-91.720513940036
IA,19103,Youth Group Camp Pond at Johnson county ,41.7317875780103,-91.7203099950907
IA,19103,Pond #2 at Johnson county ,41.7310607057362,-91.7188030904845
IA,19103,Pond #1 at Johnson county ,41.7340425345931,-91.7193373723758
IA,19103,Pond #4 at Johnson county ,41.7274879355338,-91.7198908712373
IA,19093,Pizza Hut Pond at Ida county ,42.350909413021,-95.4767218284682
IA,19053,my lake at Decatur county ,40.7419221014273,-93.731748323217
IA,19053,Xiu's pond at Decatur county ,40.7309317155814,-93.72577334678
IA,19053,Xis's another pond at Decatur county ,40.7306557715754,-93.7271955950395
IA,19171,Sportsman Lake at Tama county ,42.0118102391457,-92.6848480609168
IA,19001,Greenfield Lake at Adair county ,41.2955950648599,-94.4783036472396
IA,19001,Nodaway Lake at Adair county ,41.28822589509,-94.4948706025011
IA,19129,Glenwood Lake at Mills county ,41.0457373686126,-95.7353713205977
IA,19153,Bicentennial Fountain at Polk county ,41.5909224567891,-93.6052187674361
IA,19153,Blank Park Pond at Polk county ,41.5222168074804,-93.6244760575575
IA,19125,Molengracht Canal at Marion county ,41.4057829354747,-92.9155688336546
IA,19171,Hulme's Pond at Tama county ,42.2224663513549,-92.5326015191456
IA,19181,Lake Colechester at Warren county ,41.5031177000856,-93.6873731259153
IA,19059,Grovers Lake at Dickinson county ,43.5003970062394,-95.1555687900727
IA,19059,West Hottes Lake at Dickinson county ,43.4793154663284,-95.1445955350213
IA,19059,Marble Lake at Dickinson county ,43.4743884991316,-95.1347915992678
IA,19143,Rush Lake at Osceola county ,43.4379067921322,-95.5090435440946
IA,19059,Sunken Lake at Dickinson county ,43.4804050149481,-95.1282584759079
IA,19147,Virgin Lake at Palo Alto county ,43.1024172241981,-94.8970839853768
IA,19161,Provost Bay at Sac county ,42.2929095925543,-95.0416690314637
IA,19061,Wetland at Dubuque county ,42.4962748426072,-90.6621333581843
IA,19113,Ephemeral Pond at Linn county ,41.9663847856133,-91.5820552765988
IA,19047,Yellow Smoke Lake at Crawford county ,42.0256000956996,-95.3226562300337
IA,19133,Jones Creek Pond at Monona county ,41.8716084189211,-95.9264784332839
IA,19057,Izaak Walton Lake at Des Moines county ,40.8305373426298,-91.1496405173623
IA,19129,Pony Creek Lake at Mills county ,41.07703141636,-95.7919903247197
IA,19153,Easton Basin at Polk county ,41.6066303482951,-93.5669379009536
IA,19095,West End Pond at Iowa county ,41.6595359081771,-92.0188607595045
IA,19113,Little Lewis Lake at Linn county ,42.1427897070742,-91.8052777707017
IA,19177,Lake Sugema at Van Buren county ,40.6919130945616,-92.0094388362313
IA,19111,Shimek Forest Pond Two at Lee county ,40.6428576501323,-91.7121763330714
IA,19101,Bonnifield Lake at Jefferson county ,41.0209997346059,-91.9548495655754
IA,19113,Cox Lake at Linn county ,42.0612703963271,-91.4422477315119
IA,19061,Lock No. 11 at Dubuque county ,42.5393803323623,-90.6454448125728
IA,19113,Scotty's Pond at Linn county ,42.0862103722498,-91.705416679687
IA,19059,East Hottes Lake at Dickinson county ,43.481782604142,-95.1320913885572
IA,19141,Mill Creek Lake at O'Brien county ,42.9857380957083,-95.6686025579544
IA,19031,Koch Lake at Cedar county ,41.7085421532519,-91.0993178768915
IA,19129,Lake Ohana at Mills county ,41.122967552192,-95.7464658634417
IA,19023,Lake Considine at Butler county ,42.7167499818958,-92.9198950413302
IA,19181,School Lake at Warren county ,41.4975778980259,-93.4997183137355
IA,19181,small stream at Warren county ,41.3750721910207,-93.54424022743
IA,19059,Canal at Dickinson county ,43.3743376555001,-95.1742055132095
IA,19119,Locker Pond at Lyon county ,43.3464424302975,-96.001581401283
IA,19097,Bellevue Municipal Swimming Pool at Jackson county ,42.2590215438096,-90.431301603719
IA,19111,Pollimer Park Lake at Lee county ,40.7132256491737,-91.4378529676634
IA,19007,Upper City Reservoir at Appanoose county ,40.7098465936482,-92.8933293981995
IA,19185,Humeston Reservoir at Wayne county ,40.8798716434934,-93.5063348317896
IA,19117,West Lake at Lucas county ,41.0213066574341,-93.3358226164085
IA,19159,Old Reservoir at Ringgold county ,40.7272536343968,-94.2265123460605
IA,19131,Quarry Lake at Mitchell county ,43.2801485862769,-92.7706348380003
IA,19099,PCM High School Fishing Pond at Jasper county ,41.512835560281,-93.0981099398806
IA,19099,Monroe Pond at Jasper county ,41.5418517557189,-93.126866959635
IA,19013,Meyers Lake at Black Hawk county ,42.4614129675857,-92.2905426607186
IA,19197,Eide Family Pond at Wright county ,42.5685208564158,-93.8442621866674
IA,19061,Althaus Pond at Dubuque county ,42.5145229853195,-90.7613537988967
IA,19113,John's Lake at Linn county ,42.1819902690014,-91.4660019162149
IA,19159,Sun Valley Lake at Ringgold county ,40.8538555283202,-94.0653102143756
IA,19059,canal at Dickinson county ,43.3685125349715,-95.170537277421
IA,19057,West Lake at Des Moines county ,40.8335654495907,-91.1517622887897
IA,19009,Littlefield Lake at Audubon county ,41.5589543079381,-94.7841217129782
IA,19175,Thayer Lake at Union county ,41.021468814944,-94.0662666680089
IA,19175,Three Mile Reservoir at Union county ,41.0904222451701,-94.2299623853408
IA,19193,Browns Lake at Woodbury county ,42.3152785543308,-96.3328898202607
IA,19193,Turtle Lake at Woodbury county ,42.5517684556732,-96.472336369796
IA,19115,Golden Pond at Louisa county ,41.417826399076,-91.4186696101763
IA,19115,Upper Golden Pond at Louisa county ,41.4207383265447,-91.4188152864704
IA,19073,Pond Park at Greene county ,42.0182293994012,-94.5504628160904
IA,19037,Split Rock Lake at Chickasaw county ,42.9109115242957,-92.2376108702476
IA,19157,Lake Ponderosa at Poweshiek county ,41.5869705910514,-92.5843064075003
IA,19103,Youth Sports Park Pond at Johnson county ,41.7181294171316,-91.5999375228373
IA,19099,Ken Wolfe Lake at Jasper county ,41.7784835393199,-92.9635253109419
IA,19073,Scranton MFG Pond at Greene county ,42.0244394599619,-94.5538382273842
IA,19049,Tallgrass Pond at Dallas county ,41.5855396443774,-93.8533663398149
IA,19163,Lost Grove Lake at Scott county ,41.6745051488126,-90.4520828296494
IA,19103,South Slope Pond at Johnson county ,41.7583338431995,-91.5960559724774
IA,19103,Goose Lake at Johnson county ,41.7583931132586,-91.6333626081753
IA,19157,Lake Silverado at Poweshiek county ,41.5975279088527,-92.6004199939521
IA,19163,Vander Veer Lagoon at Scott county ,41.5447613480478,-90.573763120075
IA,19169,Service Road Water at Story county ,42.0157614179478,-93.4412784754657
IA,19059,West Okoboji Lake at Dickinson county ,43.3836831187395,-95.1597316367319
IA,19175,Twelve Mile Lake at Union county ,41.0701156056453,-94.2684051768777
IA,19059,Welsh Lake at Dickinson county ,43.461146354277,-95.1725033557618
IA,19059,Diamond Lake at Dickinson county ,43.4820497184523,-95.1914396477674
IA,19163,Pride Lake at Scott county ,41.7041919786556,-90.5276741787059
IA,19129,Keg Creek Lake at Mills county ,40.985285942086,-95.8038772906202
IA,19039,Arbor Valley Lake at Clarke county ,40.9951005426174,-93.8097383521748
IA,19187,Lechler Lake at Webster county ,42.2324910994875,-94.0169940977428
IA,19187,Jesse's Pond at Webster county ,42.2357752925979,-94.0080336856216
IA,19187,Kendal's Pond at Webster county ,42.234945678046,-94.0073259618371
IA,19035,Spring Lake at Cherokee county ,42.7378947403652,-95.5576993768463
IA,19103,Lake MacBride at Johnson county ,41.8004614221795,-91.5521349212938
IA,19093,Grell Pond at Ida county ,42.3730022875572,-95.5011434767283
IA,19113,Kirkwood Swan Pond at Linn county ,41.8989770943059,-91.6476145982596
IA,19153,Skull Pond at Polk county ,41.7833626129208,-93.7831752059939
IA,19103,Fox Valley Pond at Johnson county ,41.7205849620223,-91.6214041504037
IA,19103,Belgum Pond at Johnson county ,41.5585148190812,-91.611836813783
IA,19129,Lake George at Mills county ,41.0243050749432,-95.4620786091552
IA,19129,Mile Hill Lake at Mills county ,41.0457430889834,-95.7827372011368
IA,19129,Folsom Lake at Mills county ,41.0840439537791,-95.8227032497232
IA,19103,Loch Olivia at Johnson county ,41.7188065950987,-91.5761992404882
IA,19103,Swan Lake at Johnson county ,41.7746537432157,-91.6780462696849
IA,19103,Timber Lake at Johnson county ,41.8199706147751,-91.6726470724632
IA,19163,Lamps Pond at Scott county ,41.605386935529,-90.7584895404567
IA,19053,Little River Lake at Decatur county ,40.7727189487213,-93.7791445359491
IA,19153,Guthrie Avenue Detention Basin at Polk county ,41.6176169957922,-93.5846607454246
IA,19103,Oak Lake at Johnson county ,41.6979012252932,-91.5779836695122
IA,19103,Twin Lake at Johnson county ,41.8166399564684,-91.6261333120248
IA,19103,Crescent Pond at Johnson county ,41.7846712253781,-91.7190663406959
IA,19095,Holdens Pond at Iowa county ,41.7773703421755,-91.8453084819546
IA,19103,Matson Pond at Johnson county ,41.7841862189081,-91.7777977955234
IA,19097,Stamp Children's Trout Pond at Jackson county ,42.2500206829673,-90.4178112053937
IA,19097,Spruce Harbor at Jackson county ,42.3018665618241,-90.434335690814
IA,19169,Marriage Ring at Story county ,42.0282102243496,-93.6465371853515
IA,19141,Mike's Pond at O'Brien county ,42.939522892951,-95.7678239212605
IA,19061,Bee Branch Pond at Dubuque county ,42.5096173866573,-90.6569860202938
IA,19007,Mystic Reservoir at Appanoose county ,40.7909259406587,-92.9468653904077
IA,19009,Nabotna Pond at Audubon county ,41.7588267794844,-94.8823995994175
IA,19169,Indian Creek at Story county ,41.8947604262097,-93.4056872047653
IA,19097,Gibbs Memorial Fountain at Jackson county ,42.2639453154417,-90.4250603770119
IA,19183,Camp Pond at Washington county ,41.2461369957879,-91.7015791510577
IA,19061,Paddlewheel at Dubuque county ,42.4970528922896,-90.6616023015896
IA,19169,Lake LaVerne at Story county ,42.0236613531443,-93.6477648381496
IA,19129,Tree Lake at Mills county ,41.1222252794734,-95.7863213047896
IA,19085,Round Lake at Harrison county ,41.7384920176289,-96.0358253629321
IA,19155,Nobles Lake at Pottawattamie county ,41.5067631235544,-95.980911975456
IA,19097,Aqua Park at Jackson county ,42.291048892368,-90.4360487224452
IA,19153,Arbor Lake at Polk county ,41.5761192073403,-93.4989365160338
IA,19003,Lake Binder at Adams county ,41.0084303062056,-94.7111342190502
IA,19053,Lake LaShane at Decatur county ,40.6340429847764,-93.9727137668155
IA,19111,McDowell Lake at Lee county ,40.4460801748559,-91.4197196080744
IA,19163,Davenport Harbor at Scott county ,41.4958705685504,-90.6207807342648
IA,19183,Frog Pond at Washington county ,41.2475818325712,-91.6959046307583
IA,19015,Bluff Creek at Boone county ,42.1296751326026,-94.0251674673317
IA,19123,Hawthorn Lake at Mahaska county ,41.4804661588203,-92.4606532625425
IA,19061,Forest Hills Pond at Dubuque county ,42.5172084036369,-90.7771630956191
IA,19071,Lake Virginia at Fremont county ,40.6635328347161,-95.6838078295511
IA,19043,Big Pond at Clayton county ,42.7803541275468,-91.0776063024044
IA,19059,Center Lake at Dickinson county ,43.4125997967029,-95.1359853984786
IA,19015,Pugh Pond at Boone county ,42.1318019023272,-93.9368190296091
IA,19153,Lauridsen Fountain at Polk county ,41.5871753325606,-93.6218852201054
IA,19017,Totts Lake at Bremer county ,42.8081170849863,-92.221157703658
IA,19153,Raun Reflection Garden at Polk county ,41.5981258825185,-93.6138099397761
IA,19195,Silver Lake at Worth county ,43.4819497671116,-93.4178389641538
IA,19105,Lake Todd at Jones county ,42.207404498848,-91.113239391201
IA,19057,Half Moon Lake at Des Moines county ,40.7126777812582,-91.1298148266392
IA,19145,Ross Park Lake at Page county ,40.6092895643512,-94.9618716842799
IA,19153,Saylorville Lake at Polk county ,41.7548354661781,-93.73105374791
IA,19113,Robbins Lake at Linn county ,42.0065661858599,-91.7006097973721
IA,19001,Lake Orient at Adair county ,41.1978136076007,-94.4365958568602
IA,19033,Clear Lake at Cerro Gordo county ,43.1245494380466,-93.421217286834
IA,19059,Lower Gar Lake at Dickinson county ,43.3499665886376,-95.1208219995233
IA,19159,Loch Ayr at Ringgold county ,40.7465226776148,-94.2386937025631
IA,19193,Jett Subwatershed Site M-5 Dam at Woodbury county ,42.3728389355408,-95.9809578516214
IA,19061,South Pointe Pond at Dubuque county ,42.4599710398054,-90.686199452286
IA,19025,Roos Pond at Calhoun county ,42.3824019199061,-94.6483323320723
IA,19005,1964 at Allamakee county ,43.1728445479487,-91.1819141729403
IA,19127,Lake Harvester at Marshall county ,41.866176248009,-93.2128008481924
IA,19085,Horseshoe Lake at Harrison county ,41.6319360886026,-96.0537194431803
IA,19017,Martens Lake at Bremer county ,42.824065649269,-92.2268478889194
IA,19053,Oxbow Lake at Decatur county ,40.6577464022236,-93.8544081539594
IA,19191,Lindeman Pond at Winneshiek county ,43.316648892284,-91.8058915968812
IA,19097,Hurstville Fishing Pond at Jackson county ,42.0916345966857,-90.6851801770471
IA,19103,Coralville Lake at Johnson county ,41.7793678099855,-91.5724814732932
IA,19097,Densmore Lake at Jackson county ,42.1639699812652,-90.2847943200388
IA,19003,Lake Icaria at Adams county ,41.0593777416767,-94.7291746214374
IA,19113,Sinclair Detention Basin at Linn county ,41.967442087008,-91.6534919807677
IA,19097,Leisure Lake at Jackson county ,42.232964480081,-90.776709971084
IA,19053,Home Pond at Decatur county ,40.6257031585129,-93.9520292245422
IA,19035,Leos Pond at Cherokee county ,42.8429014440275,-95.6670654265841
IA,19139,Wiese Slough at Muscatine county ,41.55057817922,-91.1371021030557
IA,19113,West Finger Lake at Linn county ,41.9863907782818,-91.6688040880821
IA,19097,Lower Sabula Lake at Jackson county ,42.0573986234134,-90.1758159422702
IA,19015,Don Williams Lake at Boone county ,42.1194226325418,-94.0202903019141
IA,19013,Shirey Lake at Black Hawk county ,42.5283550024857,-92.4106273387723
IA,19153,Simpson Pond at Polk county ,41.6858621480746,-93.7385609878019
IA,19113,Pleasant Creek Lake at Linn county ,42.1210608171342,-91.8230604496116
IA,19153,Borrow Pit at Polk county ,41.5463069975387,-93.5309856349865
IA,19105,West Pong at Jones county ,42.1115551969747,-91.1477504406354
IA,19055,Backbone Lake at Delaware county ,42.6081124994437,-91.5456044893951
IA,19029,Cold Springs Lake at Cass county ,41.2919138502502,-95.0867400928481
IA,19099,Tadpole Pond at Jasper county ,41.7039613989364,-93.0158702750846
IA,19059,Spirit Lake at Dickinson county ,43.477402299303,-95.095994023674
IA,19103,Ralston Creek at Johnson county ,41.6538451730632,-91.5287737798933
IA,19053,Casey's General Store at Decatur county ,40.6409649035423,-93.9033522058409
IA,19133,Skunk Lake at Monona county ,42.1681906937494,-96.1965855267155
IA,19143,Robinson Pond at Osceola county ,43.3992788435623,-95.735678739938
IA,19003,Spring Lake at Adams county ,40.9810459375513,-94.7339850368787
IA,19103,The Emory Pond at Johnson county ,41.7561592592521,-91.6211853658925
